Workbook

Sheet How to use
A1: Forward Deployed ML Engineer — Skills Matrix & 90-Day Plan
A2: Calibrated against Mistral's Applied AI / Forward Deployed ML Engineer posting and comparable 2026 FDE roles (OpenAI, Anthropic, Cohere, Modal, Reflection).
A4: How to use
A5: 1. Skills Matrix tab: enter your rating (1–5) in the yellow 'Self-rating (now)' column. Optionally note evidence you can already show.
A6: 2. Gap, priority score and band calculate automatically. Sort or filter by 'Priority score' to see what to work on first.
A7: 3. Cluster Summary tab rolls everything up by cluster — no inputs needed there.
A8: 4. 90-Day Plan tab: set your start date (yellow cell), then update Status weekly. Progress % updates automatically.
A9: 5. At day 90, fill 'Re-rating (day 90)'. Gaps then recalculate from the newer rating.
A10: Yellow cells are the only cells you need to edit. Everything else is formula-driven.
A12: Rating scale (self-rating and target)
A13: Level | B13: Label | C13: What it means
A14: 1 | B14: Aware | C14: Know what it is; have read about it.
A15: 2 | B15: Tried | C15: Followed a tutorial or built a toy example.
A16: 3 | B16: Working | C16: Used it on a real project with some help; can explain trade-offs.
A17: 4 | B17: Production | C17: Shipped it to production independently; can defend choices to a customer.
A18: 5 | B18: Expert | C18: Teach it, set patterns for others, contribute upstream / publicly.
A20: Scoring logic
A21: Gap = Target − latest self-rating (never below 0). Latest = day-90 re-rating if filled, otherwise the 'now' rating.
A22: Weight (1–3) = how heavily the role screens for the skill: 3 = core/interview filter, 2 = expected, 1 = differentiator.
A23: Priority score = Gap × Weight (0–12). Bands: High ≥ 6 · Medium 3–5 · Low 1–2 · On target = 0.
A24: Assumption: targets and weights are Claude's calibration from the job postings researched on 11 Oct 2026, not published by Mistral. Adjust them if you disagree.
A26: Example row (format only — not your data)
A27: Skill | B27: Target | C27: Weight | D27: Self-rating (now) | E27: Gap | F27: Priority score | G27: Band | H27: Evidence you can show
A28: LLM serving with vLLM | B28: 4 | C28: 3 | D28: 2 | E28: 2 | F28: 6 | G28: High | H28: Ran vLLM locally on one GPU; no production deployment yet

Sheet Skills Matrix
A1: Skills Matrix — Forward Deployed ML Engineer
A2: Edit only the yellow columns. Targets/weights are Claude's calibration from Oct 2026 postings — adjust if you disagree.
A4: ID | B4: Cluster | C4: Skill | D4: What the role asks for | E4: Target (1–5) | F4: Weight (1–3) | G4: Self-rating (now) | H4: Re-rating (day 90) | I4: Gap | J4: Priority score | K4: Band | L4: Evidence you can show | M4: How to close the gap | N4: Plan week(s)
A5: A1 | B5: A. LLM application engineering | C5: Advanced RAG | D5: Hybrid search, reranking, chunking strategy, query rewriting, agentic retrieval | E5: 4 | F5: 3 | I5: =IF(AND(G5="",H5=""),"",MAX(0,E5-IF(H5<>"",H5,G5))) | J5: =IF(I5="","",I5*F5) | K5: =IF(J5="","",IF(J5>=6,"High",IF(J5>=3,"Medium",IF(J5>=1,"Low","On target")))) | M5: Build hybrid retrieval + reranker baseline and measure it | N5: W4
A6: A2 | B6: A. LLM application engineering | C6: Agentic workflows | D6: Multi-step agents (ReAct / plan-and-execute), state, guardrails, failure handling | E6: 4 | F6: 3 | I6: =IF(AND(G6="",H6=""),"",MAX(0,E6-IF(H6<>"",H6,G6))) | J6: =IF(I6="","",I6*F6) | K6: =IF(J6="","",IF(J6>=6,"High",IF(J6>=3,"Medium",IF(J6>=1,"Low","On target")))) | M6: Tool-using agent on your own served model, with guardrails | N6: W9
A7: A3 | B7: A. LLM application engineering | C7: Tool calling, structured outputs & MCP | D7: Function calling reliability, JSON schemas, MCP servers | E7: 4 | F7: 2 | I7: =IF(AND(G7="",H7=""),"",MAX(0,E7-IF(H7<>"",H7,G7))) | J7: =IF(I7="","",I7*F7) | K7: =IF(J7="","",IF(J7>=6,"High",IF(J7>=3,"Medium",IF(J7>=1,"Low","On target")))) | M7: Expose agent tools via MCP; test schema adherence | N7: W9
A8: A4 | B8: A. LLM application engineering | C8: Prompt & context engineering | D8: Systematic prompt iteration measured against evals | E8: 4 | F8: 2 | I8: =IF(AND(G8="",H8=""),"",MAX(0,E8-IF(H8<>"",H8,G8))) | J8: =IF(I8="","",I8*F8) | K8: =IF(J8="","",IF(J8>=6,"High",IF(J8>=3,"Medium",IF(J8>=1,"Low","On target")))) | M8: Prompt-only baseline scored on golden set | N8: W3
A9: A5 | B9: A. LLM application engineering | C9: Mistral product & model portfolio | D9: Explain Mistral API, agents, document/OCR and enterprise offerings and model line-up to stakeholders (verify current portfolio) | E9: 4 | F9: 2 | I9: =IF(AND(G9="",H9=""),"",MAX(0,E9-IF(H9<>"",H9,G9))) | J9: =IF(I9="","",I9*F9) | K9: =IF(J9="","",IF(J9>=6,"High",IF(J9>=3,"Medium",IF(J9>=1,"Low","On target")))) | M9: Use Mistral API for baseline; build a 1-page model/product cheat sheet | N9: W3
A10: B1 | B10: B. Model customization | C10: Transformer internals | D10: Attention, KV cache, tokenization, MoE, context-length trade-offs | E10: 4 | F10: 2 | I10: =IF(AND(G10="",H10=""),"",MAX(0,E10-IF(H10<>"",H10,G10))) | J10: =IF(I10="","",I10*F10) | K10: =IF(J10="","",IF(J10>=6,"High",IF(J10>=3,"Medium",IF(J10>=1,"Low","On target")))) | M10: Implement attention from scratch; read Mistral 7B / Mixtral papers | N10: W2
A11: B2 | B11: B. Model customization | C11: PyTorch fundamentals | D11: Training loops, autograd, mixed precision, basic distributed training | E11: 4 | F11: 3 | I11: =IF(AND(G11="",H11=""),"",MAX(0,E11-IF(H11<>"",H11,G11))) | J11: =IF(I11="","",I11*F11) | K11: =IF(J11="","",IF(J11>=6,"High",IF(J11>=3,"Medium",IF(J11>=1,"Low","On target")))) | M11: Write a training loop from scratch; debug a fine-tune run | N11: W1, W2, W6
A12: B3 | B12: B. Model customization | C12: Supervised fine-tuning (LoRA / QLoRA) | D12: PEFT, TRL, mistral-finetune; hyper-parameters; shipped a fine-tuned model | E12: 4 | F12: 3 | I12: =IF(AND(G12="",H12=""),"",MAX(0,E12-IF(H12<>"",H12,G12))) | J12: =IF(I12="","",I12*F12) | K12: =IF(J12="","",IF(J12>=6,"High",IF(J12>=3,"Medium",IF(J12>=1,"Low","On target")))) | M12: LoRA/QLoRA SFT of a small open Mistral model vs baseline | N12: W6
A13: B4 | B13: B. Model customization | C13: Preference tuning (DPO / ORPO), RFT awareness | D13: Preference data, DPO runs, when RL fine-tuning is worth it | E13: 3 | F13: 2 | I13: =IF(AND(G13="",H13=""),"",MAX(0,E13-IF(H13<>"",H13,G13))) | J13: =IF(I13="","",I13*F13) | K13: =IF(J13="","",IF(J13>=6,"High",IF(J13>=3,"Medium",IF(J13>=1,"Low","On target")))) | M13: One DPO pass on top of SFT; compare on evals | N13: W7
A14: B5 | B14: B. Model customization | C14: Dataset curation & synthetic data | D14: Cleaning, dedup, labeling strategy, synthetic data generation and filtering | E14: 4 | F14: 2 | I14: =IF(AND(G14="",H14=""),"",MAX(0,E14-IF(H14<>"",H14,G14))) | J14: =IF(I14="","",I14*F14) | K14: =IF(J14="","",IF(J14>=6,"High",IF(J14>=3,"Medium",IF(J14>=1,"Low","On target")))) | M14: Build SFT + preference datasets for your use case | N14: W5
A15: B6 | B15: B. Model customization | C15: Embedding / reranker fine-tuning | D15: Domain-adapting retrieval models | E15: 3 | F15: 1 | I15: =IF(AND(G15="",H15=""),"",MAX(0,E15-IF(H15<>"",H15,G15))) | J15: =IF(I15="","",I15*F15) | K15: =IF(J15="","",IF(J15>=6,"High",IF(J15>=3,"Medium",IF(J15>=1,"Low","On target")))) | M15: Optional stretch: fine-tune a reranker in W4/W5 | N15: W4 (stretch)
A16: B7 | B16: B. Model customization | C16: Prompt vs RAG vs fine-tune judgement | D16: Choosing the cheapest approach that meets the bar; defending it to a customer | E16: 4 | F16: 3 | I16: =IF(AND(G16="",H16=""),"",MAX(0,E16-IF(H16<>"",H16,G16))) | J16: =IF(I16="","",I16*F16) | K16: =IF(J16="","",IF(J16>=6,"High",IF(J16>=3,"Medium",IF(J16>=1,"Low","On target")))) | M16: Document the decision with numbers from your three baselines | N16: W1, W7
... A34: G2 | B34: G. Open source & visibility | C34: Public technical write-ups | D34: Case studies, benchmarks, talks | E34: 3 | F34: 1 | I34: =IF(AND(G34="",H34=""),"",MAX(0,E34-IF(H34<>"",H34,G34))) | J34: =IF(I34="","",I34*F34) | K34: =IF(J34="","",IF(J34>=6,"High",IF(J34>=3,"Medium",IF(J34>=1,"Low","On target")))) | M34: Publish end-to-end case study | N34: W12
C36: Skills rated | G36: =COUNT(G5:G34) -> 0 | H36: =COUNT(H5:H34) -> 0
C37: Total priority score (lower is better) | J37: =SUM(J5:J34) -> 0
C38: High-priority skills | K38: =COUNTIF(K5:K34,"High") -> 0

Sheet Cluster Summary
A1: Cluster Summary
A2: Fully formula-driven from the Skills Matrix tab. Averages show '—' until skills in that cluster are rated.
A4: Cluster | B4: Skills | C4: Rated | D4: Avg target | E4: Avg self (now) | F4: Avg gap | G4: Priority score | H4: High-priority skills
A5: A. LLM application engineering | B5: =COUNTIF('Skills Matrix'!$B$5:$B$34,A5) -> 5 | C5: =COUNTIFS('Skills Matrix'!$B$5:$B$34,A5,'Skills Matrix'!$G$5:$G$34,"<>") -> 0 | D5: =AVERAGEIF('Skills Matrix'!$B$5:$B$34,A5,'Skills Matrix'!$E$5:$E$34) -> 4 | E5: =IFERROR(AVERAGEIF('Skills Matrix'!$B$5:$B$34,A5,'Skills Matrix'!$G$5:$G$34),"—") -> — | F5: =IFERROR(AVERAGEIF('Skills Matrix'!$B$5:$B$34,A5,'Skills Matrix'!$I$5:$I$34),"—") -> — | G5: =SUMIF('Skills Matrix'!$B$5:$B$34,A5,'Skills Matrix'!$J$5:$J$34) -> 0 | H5: =COUNTIFS('Skills Matrix'!$B$5:$B$34,A5,'Skills Matrix'!$K$5:$K$34,"High") -> 0
A6: B. Model customization | B6: =COUNTIF('Skills Matrix'!$B$5:$B$34,A6) -> 7 | C6: =COUNTIFS('Skills Matrix'!$B$5:$B$34,A6,'Skills Matrix'!$G$5:$G$34,"<>") -> 0 | D6: =AVERAGEIF('Skills Matrix'!$B$5:$B$34,A6,'Skills Matrix'!$E$5:$E$34) -> 3.7142857 | E6: =IFERROR(AVERAGEIF('Skills Matrix'!$B$5:$B$34,A6,'Skills Matrix'!$G$5:$G$34),"—") -> — | F6: =IFERROR(AVERAGEIF('Skills Matrix'!$B$5:$B$34,A6,'Skills Matrix'!$I$5:$I$34),"—") -> — | G6: =SUMIF('Skills Matrix'!$B$5:$B$34,A6,'Skills Matrix'!$J$5:$J$34) -> 0 | H6: =COUNTIFS('Skills Matrix'!$B$5:$B$34,A6,'Skills Matrix'!$K$5:$K$34,"High") -> 0
A7: C. Evaluation | B7: =COUNTIF('Skills Matrix'!$B$5:$B$34,A7) -> 4 | C7: =COUNTIFS('Skills Matrix'!$B$5:$B$34,A7,'Skills Matrix'!$G$5:$G$34,"<>") -> 0 | D7: =AVERAGEIF('Skills Matrix'!$B$5:$B$34,A7,'Skills Matrix'!$E$5:$E$34) -> 3.75 | E7: =IFERROR(AVERAGEIF('Skills Matrix'!$B$5:$B$34,A7,'Skills Matrix'!$G$5:$G$34),"—") -> — | F7: =IFERROR(AVERAGEIF('Skills Matrix'!$B$5:$B$34,A7,'Skills Matrix'!$I$5:$I$34),"—") -> — | G7: =SUMIF('Skills Matrix'!$B$5:$B$34,A7,'Skills Matrix'!$J$5:$J$34) -> 0 | H7: =COUNTIFS('Skills Matrix'!$B$5:$B$34,A7,'Skills Matrix'!$K$5:$K$34,"High") -> 0
A8: D. Inference & deployment | B8: =COUNTIF('Skills Matrix'!$B$5:$B$34,A8) -> 5 | C8: =COUNTIFS('Skills Matrix'!$B$5:$B$34,A8,'Skills Matrix'!$G$5:$G$34,"<>") -> 0 | D8: =AVERAGEIF('Skills Matrix'!$B$5:$B$34,A8,'Skills Matrix'!$E$5:$E$34) -> 3.8 | E8: =IFERROR(AVERAGEIF('Skills Matrix'!$B$5:$B$34,A8,'Skills Matrix'!$G$5:$G$34),"—") -> — | F8: =IFERROR(AVERAGEIF('Skills Matrix'!$B$5:$B$34,A8,'Skills Matrix'!$I$5:$I$34),"—") -> — | G8: =SUMIF('Skills Matrix'!$B$5:$B$34,A8,'Skills Matrix'!$J$5:$J$34) -> 0 | H8: =COUNTIFS('Skills Matrix'!$B$5:$B$34,A8,'Skills Matrix'!$K$5:$K$34,"High") -> 0
A9: E. Full-stack delivery | B9: =COUNTIF('Skills Matrix'!$B$5:$B$34,A9) -> 3 | C9: =COUNTIFS('Skills Matrix'!$B$5:$B$34,A9,'Skills Matrix'!$G$5:$G$34,"<>") -> 0 | D9: =AVERAGEIF('Skills Matrix'!$B$5:$B$34,A9,'Skills Matrix'!$E$5:$E$34) -> 3.3333333 | E9: =IFERROR(AVERAGEIF('Skills Matrix'!$B$5:$B$34,A9,'Skills Matrix'!$G$5:$G$34),"—") -> — | F9: =IFERROR(AVERAGEIF('Skills Matrix'!$B$5:$B$34,A9,'Skills Matrix'!$I$5:$I$34),"—") -> — | G9: =SUMIF('Skills Matrix'!$B$5:$B$34,A9,'Skills Matrix'!$J$5:$J$34) -> 0 | H9: =COUNTIFS('Skills Matrix'!$B$5:$B$34,A9,'Skills Matrix'!$K$5:$K$34,"High") -> 0
A10: F. Customer & commercial | B10: =COUNTIF('Skills Matrix'!$B$5:$B$34,A10) -> 4 | C10: =COUNTIFS('Skills Matrix'!$B$5:$B$34,A10,'Skills Matrix'!$G$5:$G$34,"<>") -> 0 | D10: =AVERAGEIF('Skills Matrix'!$B$5:$B$34,A10,'Skills Matrix'!$E$5:$E$34) -> 3.75 | E10: =IFERROR(AVERAGEIF('Skills Matrix'!$B$5:$B$34,A10,'Skills Matrix'!$G$5:$G$34),"—") -> — | F10: =IFERROR(AVERAGEIF('Skills Matrix'!$B$5:$B$34,A10,'Skills Matrix'!$I$5:$I$34),"—") -> — | G10: =SUMIF('Skills Matrix'!$B$5:$B$34,A10,'Skills Matrix'!$J$5:$J$34) -> 0 | H10: =COUNTIFS('Skills Matrix'!$B$5:$B$34,A10,'Skills Matrix'!$K$5:$K$34,"High") -> 0
A11: G. Open source & visibility | B11: =COUNTIF('Skills Matrix'!$B$5:$B$34,A11) -> 2 | C11: =COUNTIFS('Skills Matrix'!$B$5:$B$34,A11,'Skills Matrix'!$G$5:$G$34,"<>") -> 0 | D11: =AVERAGEIF('Skills Matrix'!$B$5:$B$34,A11,'Skills Matrix'!$E$5:$E$34) -> 3 | E11: =IFERROR(AVERAGEIF('Skills Matrix'!$B$5:$B$34,A11,'Skills Matrix'!$G$5:$G$34),"—") -> — | F11: =IFERROR(AVERAGEIF('Skills Matrix'!$B$5:$B$34,A11,'Skills Matrix'!$I$5:$I$34),"—") -> — | G11: =SUMIF('Skills Matrix'!$B$5:$B$34,A11,'Skills Matrix'!$J$5:$J$34) -> 0 | H11: =COUNTIFS('Skills Matrix'!$B$5:$B$34,A11,'Skills Matrix'!$K$5:$K$34,"High") -> 0
A12: Total | B12: =SUM(B5:B11) -> 30 | C12: =SUM(C5:C11) -> 0 | G12: =SUM(G5:G11) -> 0 | H12: =SUM(H5:H11) -> 0

Sheet 90-Day Plan
A1: 90-Day Plan — one end-to-end portfolio project
A2: Spine: pick one domain use case (e.g. banking KYC or recruiting), then baseline → RAG → fine-tune → serve → agent → ship → publish → apply.
A4: Start date (Monday) | C4: 46307 | D4: Assumption: starts Mon 12 Oct 2026 — change to your real start date.
A5: Progress | C5: =COUNTIF(I8:I20,"Done")/COUNTA(A8:A20) -> 0 | D5: =COUNTIF(I8:I20,"Done")&" of "&COUNTA(A8:A20)&" weeks done · "&SUM(H8:H20)&" planned hours" -> 0 of 13 weeks done · 132 planned hours
A7: Week | B7: Week of | C7: Phase | D7: Focus | E7: Key activities | F7: Deliverable (definition of done) | G7: Skills (IDs) | H7: Est. hours | I7: Status | J7: Notes
A8: 1 | B8: =$C$4+7*(A8-1) -> 46307 | C8: 1 · Foundations | D8: Baseline & setup | E8: Rate yourself in the matrix. Pick the use case and get a dataset. Set up GPU environment (own cluster or rented GPU). Write a PyTorch training loop from scratch on a toy task. | F8: Rated matrix; repo skeleton; 1-page use-case brief with success metric | G8: B2, B7 | H8: 10 | I8: Not started
A9: 2 | B9: =$C$4+7*(A9-1) -> 46314 | C9: 1 · Foundations | D9: Transformer internals | E9: Implement attention + KV cache in a notebook. Read Mistral 7B and Mixtral papers; note MoE and sliding-window trade-offs. | F9: Notebook + 1-page notes you could explain to a customer | G9: B1, B2 | H9: 10 | I9: Not started
A10: 3 | B10: =$C$4+7*(A10-1) -> 46321 | C10: 1 · Foundations | D10: Eval first | E10: Build a 100–200 item golden set. Prompt-only baseline via Mistral API. Calibrate an LLM judge against ~50 hand labels. | F10: Eval harness; baseline score table | G10: C1, C2, A4, A5 | H10: 10 | I10: Not started
A11: 4 | B11: =$C$4+7*(A11-1) -> 46328 | C11: 1 · Foundations | D11: RAG baseline | E11: Hybrid retrieval (BM25 + dense) + reranker. Add retrieval recall and faithfulness metrics. Stretch: fine-tune the reranker. | F11: RAG vs prompt-only comparison | G11: A1, C3, B6 | H11: 10 | I11: Not started
A12: 5 | B12: =$C$4+7*(A12-1) -> 46335 | C12: 2 · Customize & serve | D12: Data for fine-tuning | E12: Curate SFT data; generate and filter synthetic examples; build preference pairs for later DPO. | F12: Versioned SFT + preference datasets with data card | G12: B5 | H12: 10 | I12: Not started
A13: 6 | B13: =$C$4+7*(A13-1) -> 46342 | C13: 2 · Customize & serve | D13: SFT with LoRA / QLoRA | E13: Fine-tune a small open Mistral model (TRL or mistral-finetune). Track runs; do error analysis. | F13: Fine-tuned adapter beating baseline on ≥1 key metric (or documented why not) | G13: B3, B2 | H13: 12 | I13: Not started
A14: 7 | B14: =$C$4+7*(A14-1) -> 46349 | C14: 2 · Customize & serve | D14: Preference tuning & judgement | E14: One DPO pass on top of SFT. Compare prompt vs RAG vs SFT vs SFT+DPO on cost, quality, latency. | F14: Decision memo: which approach you'd recommend to a customer and why | G14: B4, C2, B7 | H14: 10 | I14: Not started
A15: 8 | B15: =$C$4+7*(A15-1) -> 46356 | C15: 2 · Customize & serve | D15: Serving on Kubernetes | E15: Serve with vLLM on K8s/OpenShift. Quantized variant. Benchmark throughput, p95 latency, cost per 1k requests. | F15: Deployment manifests + benchmark table | G15: D1, D2, D3 | H15: 12 | I15: Not started
A16: 9 | B16: =$C$4+7*(A16-1) -> 46363 | C16: 3 · Productize | D16: Agentic layer | E16: Tool-calling agent over your served model, tools exposed via MCP, guardrails and tracing. | F16: Working agent with traces and token-cost dashboard | G16: A2, A3, D5 | H16: 10 | I16: Not started
A17: 10 | B17: =$C$4+7*(A17-1) -> 46370 | C17: 3 · Productize | D17: Full-stack demo + sovereign pattern | E17: Streaming FastAPI backend + simple UI. Write the on-prem / air-gapped / data-residency reference architecture. | F17: Clickable demo; sovereign deployment doc | G17: E1, E2, D4 | H17: 10 | I17: Not started
A18: 11 | B18: =$C$4+7*(A18-1) -> 46377 | C18: 3 · Productize | D18: Regression + open source | E18: Run eval suite in CI on every prompt/model change. Open a PR upstream (bug fix, example or docs) to vLLM, TRL or a Mistral repo. | F18: CI eval badge; PR link | G18: C4, G1 | H18: 10 | I18: Not started
A19: 12 | B19: =$C$4+7*(A19-1) -> 46384 | C19: 3 · Go to market | D19: Case study & decomposition practice | E19: Publish end-to-end case study with architecture + ROI. Run 3 mock decomposition cases with someone playing an evasive customer. | F19: Published write-up; 3 recorded mock cases with self-review | G19: G2, F1, F2, F3 | H19: 10 | I19: Not started
A20: 13 | B20: =$C$4+7*(A20-1) -> 46391 | C20: 3 · Go to market | D20: Re-rate & apply | E20: Fill day-90 re-ratings. Turn the project into a reusable playbook. Tailor CV/LinkedIn; apply to target roles; prep 5 STAR stories. | F20: Updated matrix; playbook; applications submitted | G20: F1, F4 | H20: 8 | I20: Not started
A22: Hours are estimates assuming ~10 hrs/week alongside a full-time role — adjust in the blue cells.
